<users>
    <user>
        <id>101</id>
        <name>Ram</name>
        <dob>28.05.1998</dob>
        <edu>B.E.</edu>
        <branch>CSE</branch>
    </user>
    <user>
        <id>102</id>
        <name>Baruni</name>
        <dob>29.02.1999</dob>
        <edu>B.E.</edu>
        <branch>ECE</branch>
    </user>
    <user>
        <id>103</id>
        <name>John</name>
        <dob>31.07.1992</dob>
        <edu>B.E.</edu>
        <branch>EEE</branch>
    </user>
    <user>
        <id>104</id>
        <name>Kavi</name>
        <dob>23.01.1998</dob>
        <edu>B.E.</edu>
        <branch>CSE</branch>
    </user>
    <user>
        <id>105</id>
        <name>Dara</name>
        <dob>02.08.1999</dob>
        <edu>B.E.</edu>
        <branch>ECE</branch>
    </user>
    <user>
        <id>106</id>
        <name>Priya</name>
        <dob>23.05.1998</dob>
        <edu>B.E.</edu>
        <branch>EcE</branch>
    </user>
    <user>
        <id>107</id>
        <name>Sri</name>
        <dob>24.09.1988</dob>
        <edu>B.E.</edu>
        <branch>EEE</branch>
    </user>
    <user>
        <id>108</id>
        <name>Sorna</name>
        <dob>05.05.1995</dob>
        <edu>B.E.</edu>
        <branch>CSE</branch>
    </user><user>
        <id>109</id>
        <name>Sneha</name>
        <dob>06.08.1998</dob>
        <edu>B.E.</edu>
        <branch>CSE</branch>
    </user>
    <user>
        <id>110</id>
        <name>Ravi</name>
        <dob>07.07.1998</dob>
        <edu>B.E.</edu>
        <branch>ECE</branch>
    </user>
</users>
