<?xml version="1.0" encoding="UTF-8" ?>
<?xml-stylesheet type="text/xsl" href="booksdisplay.xsl"?>
<books>
    <book>
        <name>The cricket on the hearth</name>
        <isbn>978-1-4028-9462-6</isbn>
        <author>Charles Dickens</author>
        <publisher>Bradbury and Evans</publisher>
        <price>Rs. 500</price>
    </book>
    <book>
        <name>The Golden Bowl</name>
        <isbn>978-92-95055-02-5</isbn>
        <author>Henry James</author>
        <publisher>Scribner (US) Methuen (UK)</publisher>
        <price>Rs. 600</price>
    </book>
    <book>
        <name>Such, Such were the toys</name>
        <isbn>978-0-545-01022-1</isbn>
        <author>George Orwell</author>
        <publisher>Blackstone Pub</publisher>
        <price>Rs. 700</price>
    </book>
    <book>
        <name>How sleep the brave</name>
        <isbn>978-1-60309-419-1</isbn>
        <author>H. E. Bates</author>
        <publisher>Transworld PUblishers Ltd.</publisher>
        <price>Rs. 800</price>
    </book>
    <book>
        <name>From here to eternity</name>
        <isbn>978-3-16-148410-0</isbn>
        <author>James Jones</author>
        <publisher>Charles Scribner's Sons</publisher>
        <price>Rs. 900</price>
    </book>
</books>

