<?xml version="1.0" encoding="UTF-8" ?>
<?xml-stylesheet type="text/xsl" href="markdisplay.xsl"?>
<books>
    <book>
        <rollno>101</rollno>
        <name>ABC</name>
        <maths>89</maths>
        <physics>86</physics>
        <chemistry>95</chemistry>
        <total>270</total>
        <status>Pass</status>
    </book>
    <book>
        <rollno>102</rollno>
        <name>CDE</name>
        <maths>43</maths>
        <physics>54</physics>
        <chemistry>39</chemistry>
        <total>136</total>
        <status>Fail</status>
    </book>
    <book>
        <rollno>103</rollno>
        <name>EFG</name>
        <maths>76</maths>
        <physics>67</physics>
        <chemistry>78</chemistry>
        <total>221</total>
        <status>Pass</status>
    </book>
    <book>
        <rollno>104</rollno>
        <name>GHI</name>
        <maths>12</maths>
        <physics>40</physics>
        <chemistry>33</chemistry>
        <total>85</total>
        <status>Fail</status>
    </book>
    <book>
        <rollno>105</rollno>
        <name>IJK</name>
        <maths>97</maths>
        <physics>94</physics>
        <chemistry>100</chemistry>
        <total>291</total>
        <status>Pass</status>
    </book>
</books>

